id,sort,title,calc_sort,category,subcategory,description,include,file_name,materials,qty_in_stock,qty_sold,price,shipping,currency,Adjustments,sold_where,url_where,sales_url,paypal_button_code,create_date,hours,Cost,sale_date,product_dimensions,shipping_dimensions,shipping_weight,postage_cost,exchange rate
category,1,,,Art Cards,,"Art Cards, also known as ATC's (Artist Trading Cards), or ACEO's (Art Cards Editions or Originals), are by definition 3.5"" x 2.5"" in size. The medium used can be anything... from pencil and pen to any kind of paint.",,,,,,,,,,,,,,,,,,,,,,1.33
subcategory,2,,,Art Cards,Originals,,,,,,,,,,,,,,,,,,,,,,,
subcategory,3,,,Art Cards,Prints,,,,,,,,,,,,,,,,,,,,,,,
281,2810,Lazy Kitty,,Art Cards,Originals,,f,Lazy Kitty WEB.jpg,Ink and watercolor on toned mixed media paper,,1,$22.00,$1.00,US,,eBay,,https://www.ebay.com/itm/143715081412?ssPageName=STRK:MESELX:IT&_trksid=p3984.m1555.l2648,,Sep.-2020,3,,5-Sep.-2020,,,,,
280,2800,Young Elephant,,Art Cards,Originals,,j,Young Elephant WEB.jpg,Watercolor on 140lb watercolor paper,,1,$18.50,$3.00,US,,eBay,,https://www.ebay.com/itm/143711065384?ssPageName=STRK:MESELX:IT&_trksid=p3984.m1555.l2648,,Aug.-2020,3,,,,,,,
279,2790,Guinea Pig,,Art Cards,Originals,,,Guinea Pig WEB.jpg,Watercolor on 140lb watercolor paper,,1,$22.00,$1.00,US,,eBay,,https://www.ebay.com/itm/143711068881?ssPageName=STRK:MESELX:IT&_trksid=p3984.m1555.l2648,,Aug.-2020,3,,5-Sep.-2020,,,,,
278,2780,Climbing Panda,,Art Cards,Originals,,,Climbing Panda WEB.jpg,Ink on toned mixed media paper,1,,$15.50,$3.00,US,,,eBay,https://www.ebay.com/itm/143724165887?ssPageName=STRK:MESELX:IT&_trksid=p3984.m1555.l2649,,Aug.-2020,3,,,,,,,
277,2770,Red Fox,,Art Cards,Originals,,j,Red Fox WEB.jpg,Watercolor on 140lb watercolor paper,,1,$22.00,$1.00,US,,eBay,,https://www.ebay.com/itm/143711069324?ssPageName=STRK:MESELX:IT&_trksid=p3984.m1555.l2649,,Aug.-2020,3,,5-Sep.-2020,,,,,
276,2760,Ducklings,,Art Cards,Originals,,j,Ducklings WEB.jpg,Watercolor on 140lb watercolor paper,,1,$22.00,$3.00,US,,eBay,,https://www.ebay.com/itm/143673994966?ssPageName=STRK:MESELX:IT&_trksid=p3984.m1555.l2649,,Aug.-2020,3,,5-Aug.-2020,,,,,
275,2750,George and the Dragon,,Art Cards,Originals,,,George and the Dragon WEB.jpg,Ink and watercolor on toned mixed media paper,1,,$15.50,$3.00,US,,,Bonanza,https://www.bonanza.com/listings/ACEO-TW-AUG-Original-Painting-George-And-Dragon-fantasy-cartoon-saint-knight/889163126,,Jul.-2020,3,,,,,,,
274,2740,Figure Study,,Art Cards,Originals,,,Figure Study WEB.jpg,Ink and watercolor on toned mixed media paper,1,,$15.50,$3.00,US,,,Bonanza,https://www.bonanza.com/listings/ACEO-Original-Painting-Figure-Study-woman-female-nude-pose-drawing-model/864582861,,Jul.-2020,3,,,,,,,
273,2730,Horse and Foal,,Art Cards,Originals,,f,Horse And Foal WEB.jpg,Watercolor on 140lb watercolor paper,1,,$15.50,$3.00,US,,,Bonanza,https://www.bonanza.com/listings/ACEO-Original-Painting-Horse-Foal-animals-pets-farm-equine-baby-filly/864121865,,Jul.-2020,3,,,,,,,
272,2720,Sea Otters,,Art Cards,Originals,,f,Sea Otters WEB.jpg,Watercolor on 140lb watercolor paper,,1,$15.50,$3.00,US,,eBay,,https://www.ebay.com/itm/143685743078?ssPageName=STRK:MESOX:IT&_trksid=p3984.m1561.l2648,,Jun.-2020,3,,23 Aug.-2020,,,,,
271,2710,Killer Whale,,Art Cards,Originals,,,Killer Whale WEB.jpg,Watercolor on 140lb watercolor paper,,1,$15.50,$3.00,US,,eBay,,https://www.ebay.com/itm/143652503621?ssPageName=STRK:MESELX:IT&_trksid=p3984.m1555.l2648,,Jun.-2020,3,,15 Jul.-2020,,,,,
270,2700,Tango Dancers,,Art Cards,Originals,,,Tango Dancers WEB.jpg,Ink and gouache on toned mixed media paper,1,,$15.50,$3.00,US,,,Bonanza,https://www.bonanza.com/listings/ACEO-Original-Painting-Tango-Dancers-couple-figure-male-female-Spanish/855933613,,Jun.-2020,3,,,,,,,
269,2690,Giraffe,,Art Cards,Originals,,s,Giraffe WEB.jpg,Watercolor on 140lb watercolor paper,,1,$14.50,$3.00,US,,eBay,,https://www.ebay.com/itm/143631054164?ssPageName=STRK:MESELX:IT&_trksid=p3984.m1555.l2648,,Jun.-2020,3,,20-Jun.-2020,,,,,
268,2680,Chicken On Branch,,Art Cards,Originals,,s,Chicken On Branch WEB.jpg,Watercolor on 140lb watercolor paper,1,,$15.50,$3.00,US,,,Bonanza,https://www.bonanza.com/listings/ACEO-Original-Painting-Chicken-On-Branch-bird-animal-feathers-poultry-rooster/855933610,,Jun.-2020,3,,,,,,,
267,2670,Monarch Butterfly,,Art Cards,Originals,,,Monarch Butterfly WEB.jpg,Ink and watercolor on 140lb watercolor paper,,1,$22.00,$3.00,US,,eBay,,https://www.ebay.com/itm/143621233918?ssPageName=STRK:MESELX:IT&_trksid=p3984.m1555.l2649,,May-2020,4,,8-Jun.-2020,,,,,
266,2660,Zebra Swallowtail,,Art Cards,Originals,,,Zebra Swallowtail 2 WEB.jpg,Ink and watercolor on 140lb watercolor paper,,1,$22.00,$3.00,US,,eBay,,https://www.ebay.com/itm/143620968724?ssPageName=STRK:MESELX:IT&_trksid=p3984.m1555.l2648,,May-2020,4,,31-May-2020,,,,,
265,2650,Preening Crane,,Art Cards,Originals,,,Preening Crane WEB.jpg,Watercolor on 140lb watercolor paper,,1,$22.00,$0.00,US,,eBay,,https://www.ebay.com/itm/143615800323?ssPageName=STRK:MESELX:IT&_trksid=p3984.m1555.l2649,,May-2020,3,,29-May-2020,,,,,
264,2640,Tiger,,Art Cards,Originals,,,Tiger 2 WEB.jpg,Watercolor on 140lb watercolor paper,,1,$14.50,$3.00,US,,eBay,,https://www.ebay.com/itm/143604834019?ssPageName=STRK:MESELX:IT&_trksid=p3984.m1555.l2649,,May-2020,4,,20-May-2020,,,,,
263,2630,Girl With Puppy,,Art Cards,Originals,,,Girl With Puppy WEB.jpg,Gouache and watercolor on 140lb watercolor paper,1,,$15.50,$3.00,US,,,Bonanza,https://www.bonanza.com/listings/ACEO-Original-Painting-Girl-With-Puppy-dogs-pets-animals-children-cuddle/854514328,,Apr.-2020,4,,,,,,,
262,2620,Bunny Nest,,Art Cards,Originals,,,Bunny Nest WEB.jpg,Gouache on 140lb watercolor paper,,1,$19.00,$3.00,US,,eBay,,https://www.ebay.com/itm/143594074602?ssPageName=STRK:MESELX:IT&_trksid=p3984.m1555.l2649,,Apr.-2020,4,,1-May-2020,,,,,
261,2610,Hibiscus,,Art Cards,Originals,,,Hibiscus WEB.jpg,Watercolor on 140lb watercolor paper,,1,$22.00,$0.00,US,,eBay,,https://www.ebay.com/itm/143615595991?ssPageName=STRK:MESELX:IT&_trksid=p3984.m1555.l2648,8USDWMGBJ5XPQ,Mar.-2020,3,,29-May-2020,,,,,
260,2600,Harley Quinn,,Art Cards,Originals,,,Harley Quinn WEB.jpg,Colored pencil and watercolor on 140lb watercolor paper,1,,$15.50,$3.00,US,,Bonanza,,https://www.bonanza.com/listings/ACEO-Original-Painting-Harley-Quinn-joker-portrait-comic-book-female-batman/855215799,TTMMWGZEWRSNA,Mar.-2020,3,,19-Jul.-2020,,,,,
259,2590,Girl on Bridge,,Art Cards,Originals,,,Girl on Bridge WEB.jpg,Ink and watercolor on 140lb watercolor paper,1,,$15.50,$3.00,US,,,Bonanza,https://www.bonanza.com/listings/ACEO-Original-Painting-Girl-on-Bridge-Japanese-garden-landscape-green-figure/854514324,QDRZDYTQR9FHL,Mar.-2020,3,,,,,,,
258,2580,Chipmunk,,Art Cards,Originals,,,Chipmunk WEB.jpg,Watercolor on 140lb watercolor paper,1,,$15.50,$3.00,US,,,Bonanza,https://www.bonanza.com/listings/ACEO-Original-Painting-Chipmunk-animals-wildlife-rodent-squirrel-stripes/854514320,D83CQ6GL4RVR2,Mar.-2020,3,,,,,,,
257,2570,Kookaburra,,Art Cards,Originals,,,Kookaburra WEB.jpg,Watercolor on 140lb watercolor paper,,1,$25.00,$3.00,US,,eBay,,https://www.ebay.com/itm/143552400993?ssPageName=STRK:MESELX:IT&_trksid=p3984.m1555.l2649,,Mar.-2020,3,,17-Mar.-2020,,,,,
256,2560,Newborn Fawn,,Art Cards,Originals,,,Newborn Fawn WEB.jpg,Watercolor on 140lb watercolor paper,,1,$22.00,$0.00,US,,eBay,,https://www.ebay.com/itm/143617475303?ssPageName=STRK:MESELX:IT&_trksid=p3984.m1555.l2648,ZQPLZEBUE4Z3L,Feb.-2020,3,,30-May-2020,,,,,
255,2550,Cat Portrait,,Art Cards,Originals,,,Cat Portrait WEB.jpg,Watercolor on 140lb watercolor paper,,1,$14.50,$3.00,US,,eBay,,https://www.ebay.com/itm/143552400993?ssPageName=STRK:MESELX:IT&_trksid=p3984.m1555.l2649,,Feb.-2020,3,,16-Feb.-2020,,,,,
254,2540,Hey Ewe,,Art Cards,Originals,,n,Hey Ewe WEB.jpg,Ink and watercolor on 140lb watercolor paper,1,,$14.50,$3.00,US,,,eBay,https://www.ebay.com/itm/143556361868?ssPageName=STRK:MESELX:IT&_trksid=p3984.m1555.l2649,,Jan.-2020,3,,,,,,,
253,2530,Winter Forest,,Art Cards,Originals,,,Winter Forest WEB.jpg,Watercolor on 140lb watercolor paper,,1,$13.50,$3.00,US,,eBay,,https://www.ebay.com/itm/143488982515?ssPageName=STRK:MESELX:IT&_trksid=p3984.m1555.l2648,,Dec.-2019,3,,8-Jan.-2020,,,,,
252,2520,Three Otters,,Art Cards,Originals,,,Three Otters WEB.jpg,Watercolor on 140lb watercolor paper,,1,$13.50,$3.00,US,,eBay,,https://www.ebay.com/itm/143473094310?ssPageName=STRK:MESELX:IT&_trksid=p3984.m1555.l2648,,Dec.-2019,4,,16-Dec.-2019,,,,,
251,2510,Gingerbread Kong,,Art Cards,Originals,,n,Gingerbread Kong WEB.jpg,Ink and watercolor on 140lb watercolor paper,1,,$13.50,$3.00,US,,,eBay,https://www.ebay.com/itm/143458636265?ssPageName=STRK:MESELX:IT&_trksid=p3984.m1555.l2649,,Nov.-2019,3,,,,,,,
250,2500,Tasting Snowflakes,,Art Cards,Originals,,,Tasting Snowflakes WEB.jpg,Watercolor on 140lb watercolor paper,,1,$13.50,$3.00,US,,eBay,,https://www.ebay.com/itm/143450085937?ssPageName=STRK:MESELX:IT&_trksid=p3984.m1555.l2648,,Nov.-2019,3,,29-Nov.-2019,,,,,
249,2490,Poinsettias In Window,,Art Cards,Originals,,n,Poinsettias In Window WEB.jpg,Ink and watercolor on 140lb watercolor paper,1,,$13.50,$3.00,US,,,eBay,https://www.ebay.com/itm/143480189770?ssPageName=STRK:MESELX:IT&_trksid=p3984.m1555.l2648,,Nov.-2019,3,,,,,,,
248,2480,Present For Santa Claus,,Art Cards,Originals,,,Present For Santa WEB.jpg,Ink and watercolor on 140lb watercolor paper,,1,$20.19,$0.00,US,,eBay,,https://www.ebay.com/itm/143443820165?ssPageName=STRK:MESELX:IT&_trksid=p3984.m1555.l2648,,Nov.-2019,3,,23-Nov.-2019,,,,,
247,2470,Stroll in the City,,Art Cards,Originals,,,Stroll in the City WEB.jpg,Ink and watercolor on 140lb watercolor paper,,1,$13.50,$3.00,US,,eBay,,https://www.ebay.com/itm/143473139394?ssPageName=STRK:MESELX:IT&_trksid=p3984.m1555.l2648,,Nov.-2019,3,,22-Dec.-2019,,,,,
246,2460,English Robin,,Art Cards,Originals,,,English Robin 2 WEB.jpg,Watercolor on 140lb watercolor paper,,1,$18.00,$3.00,US,,eBay,,https://www.ebay.com/itm/143429248554?ssPageName=STRK:MESELX:IT&_trksid=p3984.m1555.l2648,,Oct.-2019,3,,3-Nov.-2019,,,,,
245,2450,Lazy Cat,,Art Cards,Originals,,,Lazy Cat WEB.jpg,Ink and gouache on Toned Mixed Media paper,,1,$13.50,$3.00,US,,eBay,,https://www.ebay.com/itm/143466168114?ssPageName=STRK:MESELX:IT&_trksid=p3984.m1555.l2648,,Oct.-2019,3,,16-Dec.-2019,,,,,
244,2440,Pumpkin Harvest,,Art Cards,Originals,,,Pumpkin Harvest WEB.jpg,Ink and gouache on 140lb watercolor paper,,1,$13.50,$3.00,US,,eBay,,https://www.ebay.com/itm/143404369526?ssPageName=STRK:MESELX:IT&_trksid=p3984.m1555.l2648,,Oct.-2019,2,,13-Oct.-2019,,,,,
243,2430,Monster In The Closet,,Art Cards,Originals,,n,Monster In The Closet WEB.jpg,Ink and watercolor on 140lb watercolor paper,1,,$13.50,$3.00,US,,,eBay,https://www.ebay.com/itm/143406205731?ssPageName=STRK:MESELX:IT&_trksid=p3984.m1555.l2648,,Sep.-2019,5,,,,,,,
242,2420,Cuddly Bunny,,Art Cards,Originals,,,Cuddly Bunny WEB.jpg,Ink on 184lb mixed media paper,,1,$13.50,$3.00,US,,eBay,,https://www.ebay.com/itm/143390380578?ssPageName=STRK:MESELX:IT&_trksid=p3984.m1555.l2649,,Sep.-2019,3,,29-Sep.-2019,,,,,
241,2410,Peacock Butterfly,,Art Cards,Originals,,,Peacock Butterfly WEB.jpg,Ink and watercolor on 140lb watercolor paper,,1,$13.50,$3.00,US,,eBay,,https://www.ebay.com/itm/143387220417?ssPageName=STRK:MESELX:IT&_trksid=p3984.m1555.l2648,,Sep.-2019,3,,2-Oct.-2019,,,,,
240,2400,Humpback Whale,,Art Cards,Originals,,,Humpback Whale WEB.jpg,Watercolor on 140lb watercolor paper,,1,$12.50,$3.00,US,,eBay,,https://www.ebay.com/itm/143369126592?ssPageName=STRK:MESELX:IT&_trksid=p3984.m1555.l2648,,Sep.-2019,3,,6-Sep.-2019,,,,,
239,2390,Baby Chimpanzee,,Art Cards,Originals,,,Baby Chimpanzee WEB.jpg,Ink and watercolor on 140lb watercolor paper,,1,$12.50,$3.00,US,,eBay,,https://www.ebay.com/itm/143361816534?ssPageName=STRK:MESELX:IT&_trksid=p3984.m1555.l2649,,Aug.-2019,3,,29-Aug.-2019,,,,,
238,2380,Ginger Kitten,,Art Cards,Originals,,,Ginger Kitten WEB.jpg,Watercolor on 140lb watercolor paper,,1,$18.00,$3.00,US,,eBay,,https://www.ebay.com/itm/143485551241?ssPageName=STRK:MESELX:IT&_trksid=p3984.m1555.l2648,363SYD6WXLZGU,Aug.-2019,3,,28-Dec.-2019,,,,,
237,2370,Pablo Paints Vincent,,Art Cards,Originals,Vincent's ear has been cut out and pasted on the floor! It may not be too obvious from the photo.,n,Pablo Paints Vincent WEB.jpg,Ink and watercolor on 140lb watercolor paper,1,,$12.50,$3.00,US,,,eBay,https://www.ebay.com/itm/143344858783?ssPageName=STRK:MESELX:IT&_trksid=p3984.m1555.l2648,,Jul.-2019,3,,,,,,,
236,2360,Child With Cat,,Art Cards,Originals,,,Child and Cat WEB.jpg,Ink and watercolor on 140lb watercolor paper,,1,$18.00,$3.00,US,,eBay,,https://www.ebay.com/itm/143443867849?ssPageName=STRK:MESELX:IT&_trksid=p3984.m1555.l2648,22NZDT67YK9DS,Jul.-2019,4,,22-Nov.-2019,,,,,
235,2350,Spider Monkey,,Art Cards,Originals,,,Spider Monkey WEB.jpg,Watercolor on 140lb watercolor paper,,1,$17.00,$3.00,US,,eBay,,https://www.ebay.com/itm/143332369038?ssPageName=STRK:MESELX:IT&_trksid=p3984.m1555.l2649,,Jul.-2019,4,,6-Jul.-2019,,,,,
234,2340,Ariel After Hours,,Art Cards,Originals,,,Ariel After Hours WEB.jpg,Ink and watercolor on 140lb watercolor paper,,1,$17.00,$3.00,US,,eBay,,,,Jun.-2019,3,,1-Jul.-2019,,,,,
233,2330,Graceful Dancer,,Art Cards,Originals,,,Graceful Dancer WEB.jpg,Watercolor on 140lb watercolor paper,,1,$13.50,$3.00,US,,eBay,,https://www.ebay.com/itm/143479137087?ssPageName=STRK:MESELX:IT&_trksid=p3984.m1555.l2648,AEKUAC7B8Q2KU,Jun.-2019,3,,28-Dec.-2019,,,,,
232,2320,Polar Bear,,Art Cards,Originals,,,Polar Bear WEB.jpg,Watercolor on 140lb watercolor paper,,1,$12.50,$3.00,US,,eBay,,https://www.ebay.com/itm/143351259036?ssPageName=STRK:MESELX:IT&_trksid=p3984.m1555.l2649,UCSFXKZECJVZ4,Jun.-2019,3,,16-Aug.-2019,,,,,
231,2310,Manatee,,Art Cards,Originals,,,Manatee WEB.jpg,Watercolor on 140lb watercolor paper,,1,$13.00,$3.00,US,,eBay,,https://www.ebay.com/itm/143303859051?ssPageName=STRK:MESELX:IT&_trksid=p3984.m1555.l2649,,Jun.-2019,3,,28-Jun.-2019,,,,,
230,2300,Bear Claws,,Art Cards,Originals,,,Bear Claw WEB.jpg,Watercolor on 140lb watercolor paper,1,,$13.50,$3.00,US,,,Paypal,https://www.ebay.com/itm/143485508007?ssPageName=STRK:MESELX:IT&_trksid=p3984.m1555.l2648,QBMMR9VUD77CL,Jun.-2019,3,,,,,,,
229,2290,Tiger Swallowtail,,Art Cards,Originals,,,Tiger Swallowtail WEB.jpg,Ink and watercolor on 140lb watercolor paper,,1,$12.50,$3.00,US,,eBay,,https://www.ebay.com/itm/143277696697?ssPageName=STRK:MESELX:IT&_trksid=p3984.m1555.l2649,,May-2019,3,,8-Jun.-2019,,,,,
228,2280,Butterfly and Caterpillars,,Art Cards,Originals,,n,B-Fly and Cat WEB.jpg,Ink and watercolor on 140lb watercolor paper,1,,$12.50,$3.00,US,,,Paypal,https://www.ebay.com/itm/143287193176?ssPageName=STRK:MESELX:IT&_trksid=p3984.m1555.l2649,4QRG5S5XT5BXQ,May-2019,3,,,,,,,
227,2270,Ballerina,,Art Cards,Originals,,,Ballerina WEB.jpg,Ink and watercolor on 140lb watercolor paper,,1,$15.50,$3.00,US,,eBay,,https://www.ebay.com/itm/143258058337?ssPageName=STRK:MESELX:IT&_trksid=p3984.m1555.l2649,,May-2019,3,,25-May-2019,,,,,
226,2260,Bobcat,,Art Cards,Originals,,,Bobcat WEB.jpg,Ink and watercolor on 140lb watercolor paper,,1,$17.00,$3.00,US,,eBay,,https://www.ebay.com/itm/143266995224?ssPageName=STRK:MESELX:IT&_trksid=p3984.m1555.l2649,,May-2019,3,,28-May-2019,,,,,
225,2250,Macaw,,Art Cards,Originals,,,Macaw WEB.jpg,Ink and watercolor on 140lb watercolor paper,,1,$12.50,$3.00,US,,eBay,,https://www.ebay.com/itm/143255136144?ssPageName=STRK:MESELX:IT&_trksid=p3984.m1555.l2649,,May-2019,3,,24-May-2019,,,,,
224,2240,Runaway Horses,,Art Cards,Originals,,,Runaway Horses WEB.jpg,Ink and watercolor on 140lb watercolor paper,,1,$12.50,$3.00,US,,eBay,,https://www.ebay.com/itm/143263890046?ssPageName=STRK:MESELX:IT&_trksid=p3984.m1555.l2649,RM68C7USCXD5E,May-2019,3,,29-May-2019,,,,,
223,2230,Lost Puppy,,Art Cards,Originals,,,Lost Puppy WEB.jpg,Acrylic on 140lb watercolor paper,,1,$12.50,$3.00,US,,eBay,,https://www.ebay.com/itm/143239415008?ssPageName=STRK:MESELX:IT&_trksid=p3984.m1555.l2649,,May-2019,3,,11-May-2019,,,,,
222,2220,Northern Flicker,,Art Cards,Originals,"The northern flicker is a medium-sized bird of the woodpecker family. It is native to most of North America, parts of Central America, Cuba, and the Cayman Islands, and is one of the few woodpecker species that migrate.",,Northern Flicker WEB.jpg,Acrylic on 140lb watercolor paper,1,,$13.50,$3.00,US,,,Paypal,https://www.ebay.com/itm/143485562850?ssPageName=STRK:MESELX:IT&_trksid=p3984.m1555.l2648,ZK5M5T9VFYHZ4,Apr.-2019,3,,,,,,,
221,2210,Spring Bouquet,,Art Cards,Originals,,,Spring Bouquet WEB.jpg,Watercolor on 140lb watercolor paper,1,,$12.50,$3.00,US,,,Paypal,https://www.ebay.com/itm/143214162224?ssPageName=STRK:MESCX:IT&_trksid=p3984.m1554.l2648,96T6ADB8G4W8U,Apr.-2019,3,,,,,,,
220,2200,Jive Cats,,Art Cards,Originals,,,Jive Cats WEB.jpg,Ink and watercolor on 140lb watercolor paper,1,,$12.50,$3.00,US,,,Paypal,https://www.ebay.com/itm/143206144702?ssPageName=STRK:MESELX:IT&_trksid=p3984.m1555.l2649,ENWSCDGXR5ESA,Apr.-2019,3,,,,,,,
219,2190,Lounge Lizards,,Art Cards,Originals,,,Lizard Lounge WEB.jpg,Ink and watercolor on 140lb watercolor paper,1,,$12.50,$3.00,US,,,Paypal,https://www.ebay.com/itm/143207406093?ssPageName=STRK:MESELX:IT&_trksid=p3984.m1555.l2648,CKD69WH57MMAA,Apr.-2019,3,,,,,,,
218,2180,Alligator,,Art Cards,Originals,,,Alligator WEB.jpg,Watercolor on 140lb watercolor paper,,1,$12.50,$3.00,US,,eBay,,https://www.ebay.com/itm/143197257870?ssPageName=STRK:MESELX:IT&_trksid=p3984.m1555.l2648,,Apr.-2019,3,,8-Apr.-2019,,,,,
217,2170,Panda Bear,,Art Cards,Originals,,,Panda WEB.jpg,Watercolor on 140lb watercolor paper,,1,$12.50,$3.00,US,,eBay,,https://www.ebay.com/itm/143195575539?ssPageName=STRK:MESELX:IT&_trksid=p3984.m1555.l2648,,Mar.-2019,3,,7-Apr.-2019,,,,,
216,2160,Koala,,Art Cards,Originals,,,Koala WEB.jpg,Watercolor on 140lb watercolor paper,,1,$14.50,$3.00,US,,eBay,,https://www.ebay.com/itm/143556362108?ssPageName=STRK:MESELX:IT&_trksid=p3984.m1555.l2649,ZE97VV38X4LKG,Mar.-2019,3,,23-Mar.-2020,,,,,
215,2150,Rooftops,,Art Cards,Originals,,,Rooftops WEB.jpg,Ink and watercolor on 140lb watercolor paper,1,,$12.50,$3.00,US,,,Paypal,https://www.ebay.com/itm/143174886820?ssPageName=STRK:MESELX:IT&_trksid=p3984.m1555.l2648,GM4TZTFFRNZ5U,Mar.-2019,3,,,,,,,
214,2140,Bear and Salmon,,Art Cards,Originals,,,Bear and Salmon WEB.jpg,Watercolor on 140lb watercolor paper,,1,$17.00,$3.00,US,,eBay,,https://www.ebay.com/itm/143172066616?ssPageName=STRK:MESELX:IT&_trksid=p3984.m1555.l2648,,Mar.-2019,3,,14-Mar.-2019,,,,,
213,2130,Lemon Tree,,Art Cards,Originals,,,Lemon Tree WEB.jpg,Watercolor on 140lb watercolor paper,1,,$12.50,$3.00,US,,,Paypal,https://www.ebay.com/itm/143169367071?ssPageName=STRK:MESELX:IT&_trksid=p3984.m1555.l2649,YRDYHTMF2T25G,Mar.-2019,3,,,,,,,
212,2120,Orangutan,,Art Cards,Originals,,,Orangutan WEB.jpg,Watercolor on 140lb watercolor paper,,1,$17.00,$3.00,US,-3.00,eBay,,https://www.ebay.com/itm/143161563622?ssPageName=STRK:MESELX:IT&_trksid=p3984.m1555.l2648,,Mar.-2019,3,,7-Mar.-2019,,,,,
211,2110,Killer Kite,,Art Cards,Originals,"The kite, fed up with Tommy's abuse, wasn't going to take it anymore!",,Killer Kite WEB.jpg,Ink and watercolor on 140lb watercolor paper,1,,$12.50,$3.00,US,,,Paypal,https://www.ebay.com/itm/143154043175?ssPageName=STRK:MESELX:IT&_trksid=p3984.m1555.l2648,ACVTQHLNSW4SQ,Feb.-2019,3,,,,,," ",
210,2100,Raging Bull,,Art Cards,Originals,,,Raging Bull WEB.jpg,Ink and watercolor on 140lb watercolor paper,,1,$12.50,$3.00,US,,eBay,,https://www.ebay.com/itm/143151556443?ssPageName=STRK:MESELX:IT&_trksid=p3984.m1555.l2648,,Feb.-2019,3,,7-Mar.-2019,,,,,
209,2090,Kids Flying Kite,,Art Cards,Originals,,,Kites on Beach WEB.jpg,Ink and watercolor on 140lb watercolor paper,1,,$13.50,$3.00,US,,,Paypal,https://www.ebay.com/itm/143485567155?ssPageName=STRK:MESELX:IT&_trksid=p3984.m1555.l2648,2A6F6BXDM8TTN,Feb.-2019,3,,,,,,,
208,2080,Boy Feeding Birds,,Art Cards,Originals,,,Feeding Birds WEB bb.jpg,Ink and watercolor on 140lb watercolor paper,1,,$13.50,$3.00,US,,,Paypal,https://www.ebay.com/itm/143485587096?ssPageName=STRK:MESELX:IT&_trksid=p3984.m1555.l2648,9X98RB44TEBW2,Feb.-2019,3,,,,,,,
207,2070,Cherry Tomatoes,,Art Cards,Originals,,,Cherry Tomatoes WEB.jpg,Watercolor on 140lb watercolor paper,,1,$14.50,$3.00,US,,eBay,,https://www.ebay.com/itm/143556362496?ssPageName=STRK:MESELX:IT&_trksid=p3984.m1555.l2649,U8A96YPVCP6S4,Feb.-2019,3,,23-Mar.-2020,,,,,
206,2060,Tiger,,Art Cards,Originals,,,tiger WEB.jpg,Watercolor on 140lb watercolor paper,,1,$19.50,$3.00,US,,eBay,,https://www.ebay.com/itm/143163047371?ssPageName=STRK:MESELX:IT&_trksid=p3984.m1555.l2649,PJJQDCXJTPYEJ,Feb.-2019,2,,4-May-2019,,,,,
205,2050,Cherry Blossoms,,Art Cards,Originals,,,Cherry Blossoms WEB.jpg,Watercolor on 140lb watercolor paper,,1,$13.50,$3.00,US,,eBay,,https://www.ebay.com/itm/143119243012,,Feb.-2019,3,,12-Feb.-2019,,,,,
204,2040,Candy Heart Jar,,Art Cards,Originals,,,Heart Candy Jar WEB.jpg,Gouache on Drawing Paper (mounted on 120 lb watercolor paper),1,,$12.50,$3.00,US,,,Paypal,https://www.ebay.com/itm/143123265515,WNRGYA96CKDCU,Jan.-2019,3,,,,,,,
203,2030,Pink Rose,,Art Cards,Originals,,,Pink Rose WEB.jpg,Watercolor on 140lb watercolor paper,1,,$12.50,$3.00,US,,,Paypal,https://www.ebay.com/itm/143123272197,B4SY3D5HTD4QG,Jan.-2019,3,,,,,,,
202,2020,Winter Sunset,,Art Cards,Originals,,,winter sunset WEB.jpg,Ink and watercolor on 140lb watercolor paper,1,,$13.50,$3.00,US,,,Paypal,https://www.ebay.com/itm/143444047187?ssPageName=STRK:MESELX:IT&_trksid=p3984.m1555.l2648,C7EUCCUTKYXLE,Dec.-2018,3,,,,,,,
201,2010,Madonna and Child,,Art Cards,Originals,,n,Madonna and Child WEB.jpg,Ink and watercolor on 140lb watercolor paper,1,,$13.50,$3.00,US,,,,,,Dec.-2018,3,,,,,,,
200,2000,Three Kings,,Art Cards,Originals,,n,Three Kings WEB.jpg,Ink and watercolor on 140lb watercolor paper,1,,$13.50,$3.00,US,,,eBay,https://www.ebay.com/itm/143450819688?ssPageName=STRK:MESELX:IT&_trksid=p3984.m1555.l2648,,Nov.-2018,3,,,,,,,
199,1990,Christmas Pups,,Art Cards,Originals,,n,Christmas Pups WEB.jpg,Ink and watercolor on 140lb watercolor paper,1,,$13.50,$3.00,US,,,eBay,https://www.ebay.com/itm/143450810883?ssPageName=STRK:MESELX:IT&_trksid=p3984.m1555.l2648,,Nov.-2018,3,,,,,,,
198,1980,Angel Trio,,Art Cards,Originals,,n,Angel Trio WEB.jpg,Ink and watercolor on 140lb watercolor paper,1,,$13.50,$3.00,US,,,eBay,https://www.ebay.com/itm/143450818216?ssPageName=STRK:MESELX:IT&_trksid=p3984.m1555.l2648,,Nov.-2018,3,,,,,,,
197,1970,Christmas Stocking,,Art Cards,Originals,,n,Christmas Stocking WEB.jpg,Ink and watercolor on 140lb watercolor paper,1,,$13.50,$3.00,US,,,eBay,https://www.ebay.com/itm/143480189953?ssPageName=STRK:MESELX:IT&_trksid=p3984.m1555.l2648,,Nov.-2018,3,,,,,,,
196,1960,Unicorn,,Art Cards,Originals,Has lots of sparkles!,n,unicorn WEB.jpg,Ink and watercolor on 140lb watercolor paper,1,,$16.00,$3.50,,,,Paypal,,DZQUA8HEUJU6J,Nov.-2018,3,,,,,,,
195,1950,Pegasus,,Art Cards,Originals,,n,pegasus WEB.jpg,Ink and watercolor on 140lb watercolor paper,1,,$16.00,$3.50,,,,Paypal,,P4FMK3F6B4SW4,Nov.-2018,3,,,,,,,
194,1940,Kittens in Basket,,Art Cards,Originals,,,kittens in basket WEB.jpg,Ink and watercolor on 140lb watercolor paper,1,,$12.50,$3.00,US,,,Paypal,https://www.ebay.com/itm/143269576224?ssPageName=STRK:MESELX:IT&_trksid=p3984.m1555.l2648,VCSULR4X2PPFQ,Nov.-2018,3,,,,,,,
193,1930,Bigfoot Selfie,,Art Cards,Originals,,,bigfoot selfie WEB.jpg,Ink and watercolor on 140lb watercolor paper,1,,$13.50,$3.00,US,,,Paypal,https://www.ebay.com/itm/143404436576?ssPageName=STRK:MESELX:IT&_trksid=p3984.m1555.l2649,NXXA2ATYNZBSW,Nov.-2018,3,,,,,,,
192,1920,English Robin,,Art Cards,Originals,,,English Robin WEB.jpg,Watercolor on 140lb watercolor paper,1,,$14.50,$3.00,US,,,Paypal,https://www.ebay.com/itm/143568210433?ssPageName=STRK:MESELX:IT&_trksid=p3984.m1555.l2648,QZX7PHQ64AE5A,Oct.-2018,3,,,,,,,
191,1910,Frankenstein,,Art Cards,Originals,,n,Frankenstein WEB.jpg,India ink on 140lb watercolor paper,1,,$13.50,$3.00,US,,,eBay,https://www.ebay.com/itm/143404430105?ssPageName=STRK:MESELX:IT&_trksid=p3984.m1555.l2649,,Oct.-2018,2,,,,,,,
190,1900,Pumpkin Patch Cat,,Art Cards,Originals,,,Pumpkin Patch Cat WEB.jpg,Ink and watercolor on 140lb watercolor paper,,1,$2.75,$3.60,US,,eBay,,https://www.ebay.com/itm/142973957940,,Oct.-2018,3,,20-Oct.-2018,,,,,
189,1890,In The Batcave,,Art Cards,Originals,,n,Batcave WEB.jpg,Ink and watercolor on 140lb watercolor paper,1,,$13.50,$3.00,US,,,eBay,https://www.ebay.com/itm/143404439128?ssPageName=STRK:MESELX:IT&_trksid=p3984.m1555.l2649,,Oct.-2018,3,,,,,,,
188,1880,Witches Bonspiel,,Art Cards,Originals,,n,Witches Bonspiel WEB.jpg,Ink and watercolor on 140lb watercolor paper,1,,$13.50,$3.00,US,,,eBay,https://www.ebay.com/itm/143404389457?ssPageName=STRK:MESELX:IT&_trksid=p3984.m1555.l2649,,Oct.-2018,3,,,,,,,
187,1870,Pumpkin Patch,,Art Cards,Originals,,,Pumpkin Patch WEB.jpg,Ink and watercolor on 140lb watercolor paper,0,1,$21.50,$1.50,,,eBay,,https://www.ebay.ca/itm/142958702715?ssPageName=STRK:MESELX:IT&_trksid=p3984.m1555.l2649,,Oct.-2018,3,,8-Oct.-2018,,,,,
186,1860,Apples and Pot,,Art Cards,Originals,,,Apples and Pot WEB.jpg,Ink and watercolor on 140lb watercolor paper,0,1,$28.50,$1.50,,,eBay,,https://www.ebay.ca/itm/142958714539?ssPageName=STRK:MESELX:IT&_trksid=p3984.m1555.l2648,,Oct.-2018,3,,8-Oct.-2018,,,,,
185,1850,Kids in Leaves,,Art Cards,Originals,,,Kids in Leaves WEB.jpg,Ink and watercolor on 140lb watercolor paper,0,1,$16.00,$1.50,,,eBay,,https://www.ebay.ca/itm/142958714539?ssPageName=STRK:MESELX:IT&_trksid=p3984.m1555.l2649,,Oct.-2018,2,,8-Oct.-2018,,,,,
184,1840,Squirrel,,Art Cards,Originals,,,Squirrel WEB.jpg,Ink and watercolor on 140lb watercolor paper,0,1,$16.00,$1.50,,,eBay,,https://www.ebay.ca/itm/142958719677?ssPageName=STRK:MESELX:IT&_trksid=p3984.m1555.l2648,,Oct.-2018,2,,8-Oct.-2018,,,,,
183,1830,Meerkat,,Art Cards,Originals,,,Meerkat WEB.jpg,Ink and watercolor on 140lb watercolor paper,0,1,$12.50,$3.00,US,,eBay,,https://www.ebay.com/itm/143287097463?ssPageName=STRK:MESELX:IT&_trksid=p3984.m1555.l2649,Â 4AFZVJEGDCRN8,Sep.-2018,2,,16-Jun.-2019,,,,,
182,1820,Cat in Window,,Art Cards,Originals,,,Cat in Window WEB.jpg,Ink and watercolor on 140lb watercolor paper,1,,$15.00,$3.00,,,,Paypal,,4F7NADY4G6FY8,Sep.-2018,2,,,,,,,
181,1810,Ship in Fog,,Art Cards,Originals,,,Ship In Fog WEB.jpg,Ink and watercolor on 140lb watercolor paper,1,,$13.50,$3.00,US,,,Paypal,https://www.ebay.com/itm/143485627141?ssPageName=STRK:MESELX:IT&_trksid=p3984.m1555.l2648,WQACWD8L5EGRS,Sep.-2018,2,,,,,,,
180,1800,Moon Landing,,Art Cards,Originals,,,moon landing WEB.jpg,Ink and watercolor on 140lb watercolor paper,0,1,$12.50,$3.00,US,,eBay,,https://www.ebay.com/itm/143280798885?ssPageName=STRK:MESELX:IT&_trksid=p3984.m1555.l2649,3SH3ELRW9BPCL,Sep.-2018,2,,10-Jun.-2019,,,,,
179,1790,Man in the Moon,,Art Cards,Originals,,,holiday  mixup WEB.jpg,Ink and watercolor on 140lb watercolor paper,0,1,$15.00,$3.00,,,eBay,,https://www.ebay.ca/itm/142924060733,,Sep.-2018,2,,5-Sep.-2018,,,,,
178,1780,Vase of Tulips,,Art Cards,Originals,,,Vase Of Tulips WEB.jpg,Ink and watercolor on 140lb watercolor paper,1,,$15.00,$3.00,,,,Paypal,,C92Q3FGX7KLUA,Aug.-2018,2,,,,,,,
177,1770,Elephant,,Art Cards,Originals,,,Elephant WEB.jpg,Ink and watercolor on 140lb watercolor paper,,1,$12.50,$3.00,US,,eBay,,https://www.ebay.com/itm/143301356791?ssPageName=STRK:MESELX:IT&_trksid=p3984.m1555.l2649,BV8UWL8NRHEQE,Aug.-2018,2,,26-Jun.-2019,,,,,
176,1760,Cantaloupe,,Art Cards,Originals,,,cantaloupe WEB.jpg,Ink and watercolor on 140lb watercolor paper,0,1,$20.00,$3.00,,,eBay,,,,Aug.-2018,2,,26-Sep.-2018,,,,,
175,1750,Green Eyed Kitty,,Art Cards,Originals,,,green eyed cat WEB.jpg,Ink and watercolor on 140lb watercolor paper,1,,$15.00,$3.00,,,,Paypal,,HEAW3H55LVHBL,Aug.-2018,2,,,,,,,
174,1740,On The Patio,,Art Cards,Originals,,,On The Patio WEB.jpg,Ink and watercolor on 140lb watercolor paper,1,,$12.50,$3.00,US,,,Paypal,https://www.ebay.com/itm/143312190976?ssPageName=STRK:MESELX:IT&_trksid=p3984.m1555.l2649,BY7R57LJ5BSZL,Aug.-2018,3,,,,,,,
173,1730,Gorilla,,Art Cards,Originals,,,gorilla WEB.jpg,Ink and watercolor on 140lb watercolor paper,0,1,$31.00,$0.75,,,eBay,,https://www.ebay.ca/itm/142890892727?ssPageName=STRK:MESELX:IT&_trksid=p3984.m1558.l2649,,Jul.-2018,3,,8-Aug.-2018,,,,,
172,1720,Leopard,,Art Cards,Originals,,,leopard WEB.jpg,Ink and watercolor on 140lb watercolor paper,0,1,$15.00,$3.00,,,eBay,,https://www.ebay.ca/itm/142890907277?ssPageName=STRK:MESELX:IT&_trksid=p3984.m1558.l2649,,Jul.-2018,3,,2-Aug.-2018,,,,,
171,1710,Rhinoceros,,Art Cards,Originals,,,rhino WEB.jpg,Ink and watercolor on 140lb watercolor paper,0,1,$12.50,$3.00,US,,eBay,,https://www.ebay.com/itm/143297789201?ssPageName=STRK:MESELX:IT&_trksid=p3984.m1555.l2648,YTZV3AQ4PT9VL,Jul.-2018,3,,23-Jun.-2019,,,,,
170,1700,Lion,,Art Cards,Originals,,,lion WEB.jpg,Ink and watercolor on 140lb watercolor paper,0,1,$15.00,$0.75,,,eBay,,https://www.ebay.ca/itm/142890896486?ssPageName=STRK:MESELX:IT&_trksid=p3984.m1558.l2649,,Jul.-2018,3,,8-Aug.-2018,,,,,
169,1690,Masque,,Art Cards,Originals,"The detail in the leaves and on the masks are done in silver and sparkle! ",,Masque WEB.jpg,"Ink, gel pen, and watercolor on 140lb watercolor paper",1,,$13.50,$3.00,US,,,Paypal,https://www.ebay.com/itm/143404425646?ssPageName=STRK:MESELX:IT&_trksid=p3984.m1555.l2649,C7N82GVJSHLWY,Jul.-2018,3,,,,,,,
168,1680,Flower Girl,,Art Cards,Originals,,n,Flower Girl - photo WEB.jpg,collage on 100 lb cardstock,1,,$20.00,$3.00,,,,Paypal,,MKX5ZYK3J2NTS,Apr.-2018,4,,,,,,,
167,1670,Young Dancer,,Art Cards,Originals,,,young dancer WEB.jpg,watercolor on 140lb watercolor paper,0,1,$15.00,$3.00,,,eBay,,https://www.ebay.ca/itm/142743501949?ssPageName=STRK:MESELX:IT&_trksid=p3984.m1558.l2649,,Apr.-2018,3,,9-Apr.-2018,,,,,
166,1660,Easter Monday,,Art Cards,Originals,,,easter monday WEB.jpg,watercolor on 140lb watercolor paper,1,,$14.50,$3.00,US,,,Paypal,https://www.ebay.com/itm/143568210750?ssPageName=STRK:MESELX:IT&_trksid=p3984.m1555.l2648,A99EESZE3C3JA,Mar.-2018,3,,,,,,,
165,1650,Snowbound,,Art Cards,Originals,,,Snowbound WEB.jpg,watercolor on 140lb watercolor paper,1,,$13.50,$3.00,US,,,Paypal,https://www.ebay.com/itm/143017739794,SA8F8TS8F87RY,Mar.-2018,2,,,,,,,
164,1640,Fox In The Henhouse,,Art Cards,Originals,,,Fox In The Henhouse WEB.jpg,watercolor on 140lb watercolor paper,1,,$13.50,$3.00,US,,,Paypal,,NLZBZG47ZDVR8,Feb.-2018,3,,,,,,,
163,2662,Wrestling Foxes,,Art Cards,Originals,,,Wrestling Foxes WEB.jpg,mixed media on 140lb watercolor paper,1,,$15.50,$3.00,US,,,Bonanza,https://www.bonanza.com/listings/ACEO-Original-Painting-Wrestling-Foxes-animals-wildlife-dog-canine-pups/854514326,4QP2QQY6HV9LJ,Feb.-2018,3,,,,,,,
162,1620,Tumbling Figs,,Art Cards,Originals,,,Figs WEB.jpg,colored pencil on 100lb bristol vellum,1,,$15.00,$3.00,,,,Paypal,,U8AX8GZGZT4Q2,Feb.-2018,3,,,,,,,
161,1610,Watch Cat,,Art Cards,Originals,,,watch cat WEB.jpg,watercolor on 140lb watercolor paper,1,,$15.00,$3.00,,,,Paypal,,A5AH2TQG69RJE,Feb.-2018,2.5,,,,,,,
160,1600,Canadian Summer Cottage,,Art Cards,Originals,,,Canadian Summer Cottage WEB.jpg,ink and watercolor on 140lb watercolor paper,1,,$9.95,$3.00,US,Paypal,,,https://www.ebay.com/itm/143450816022?ssPageName=STRK:MESELX:IT&_trksid=p3984.m1555.l2648,32F8VYQK3RUJL,Jan.-2018,3,,,,,,,
159,1590,Red Panda,,Art Cards,Originals,,,Red Panda WEB.jpg,watercolor on 140lb watercolor paper,0,1,$15.00,$3.00,,,eBay,,https://www.ebay.ca/itm/142733504130?ssPageName=STRK:MESELX:IT&_trksid=p3984.m1558.l2649,,Jan.-2018,3,,1-Apr.-2018,,,,,
158,1580,Lion Cubs,,Art Cards,Originals," ",,Lion Cubs WEB.jpg,watercolor on 140lb watercolor paper,0,1,$15.00,$0.75,,,eBay,,https://www.ebay.ca/itm/142890937962?ssPageName=STRK:MESELX:IT&_trksid=p3984.m1558.l2649,,Jan.-2018,2,,8-Aug.-2018,,,,,
157,1570,Cockatiels,,Art Cards,Originals," ",,cocktiels WEB.jpg,watercolor on 140lb watercolor paper,1,,$12.50,$3.00,US,,,Paypal,https://www.ebay.com/itm/143246462462?ssPageName=STRK:MESELX:IT&_trksid=p3984.m1555.l2648,WSMZ2TAV4DCTE,Jan.-2018,3,,,,,,,
156,1560,Andalusian,,Art Cards,Originals,,,Andalusian WEB.jpg,"Ink and gel pen on toned paper, mounted  on heavy black paper.",0,1,$12.50,$3.00,US,,eBay,,https://www.ebay.com/itm/143284592926?ssPageName=STRK:MESELX:IT&_trksid=p3984.m1555.l2648,2TXJEZKGEYMTE,Jan.-2018,2,,13-Jun.-2019,,,,,
155,1550,Three Little Kittens,,Art Cards,Originals,,,Three Little Kittens WEB.jpg,Ink and watercolor on 140lb watercolor paper,1,,$12.50,$3.00,US,,,Paypal,https://www.ebay.com/itm/143308786846?ssPageName=STRK:MESELX:IT&_trksid=p3984.m1555.l2649,SQRGP3DZBDGTL,Jan.-2018,3,,,,,,,
154,1540,Campfire Snowman,,Art Cards,Originals,,,campfire snowman WEB.jpg,watercolor on 140lb watercolor paper,0,1,$18.00,$2.00,,,eBay,,http://www.ebay.ca/itm/142642503657?ssPageName=STRK:MESELX:IT&_trksid=p3984.m1558.l2649,,Dec.-2017,3,,8-Jan.-2018,,,,,
153,1530,Vase Of Sunflowers,,Art Cards,Originals,,,Vase of Sunflowers WEB.jpg,watercolor on 140lb watercolor paper,1,,$14.50,$3.00,US,,,Paypal,https://www.ebay.com/itm/143574332048?ssPageName=STRK:MESELX:IT&_trksid=p3984.m1555.l2648,GHJYME8ZD9S5Y,Dec.-2017,2,,,,,,,
152,1520,Colorful Pig,,Art Cards,Originals,,,Fun with Piggy WEB.jpg,watercolor on 140lb watercolor paper,1,,$15.00,$3.00,,,,Paypal,,B9YB2JK5XJ3HY,Dec.-2017,2,,,,,,,
151,1510,Twisty Cat,,Art Cards,Originals,,,twisty cat WEB.jpg,watercolor on 140lb watercolor paper,0,1,$20.00,$3.00,,,eBay,,http://www.ebay.ca/itm/142633671817?ssPageName=STRK:MESOX:IT&_trksid=p3984.m1561.l2648,,Dec.-2017,2,,22-Dec.-2017,,,,,
150,1500,Peanuts Please,,Art Cards,Originals,,,Peanuts Please WEB.jpg,watercolor on 140lb watercolor paper,1,,$12.50,$3.00,US,,,Paypal,https://www.ebay.com/itm/143322847956?ssPageName=STRK:MESELX:IT&_trksid=p3984.m1555.l2648," PWW7Y3AWC8M22",Dec.-2017,2,,,,,,,
149,1490,Painted Lady,,Art Cards,Originals,,,Painted Lady WEB.jpg,watercolor on 140lb watercolor paper,0,1,$15.00,$2.00,,,eBay,,https://www.ebay.ca/itm/142627726627?ssPageName=STRK:MESELX:IT&_trksid=p3984.m1555.l2648,,Nov.-2017,3,,17-Dec.-2017,,,,,
148,1480,Reclining Kitty,,Art Cards,Originals,,,reclining kitty WEB.jpg,watercolor on 140lb watercolor paper,0,1,$20.00,$3.00,,,eBay,,https://www.ebay.ca/itm/142621318360?ssPageName=STRK:MESELX:IT&_trksid=p3984.m1555.l2648,,Nov.-2017,3,,17-Dec.-2017,,,,,
147,1470,Snowman Crossing,,Art Cards,Originals,,n,snowman crossing WEB.jpg,watercolor on 140lb watercolor paper,1,,$13.50,$3.00,US,,,eBay,https://www.ebay.com/itm/143450811539?ssPageName=STRK:MESELX:IT&_trksid=p3984.m1555.l2648,,Nov.-2017,3,,,,,,,
146,1460,Nutcracker,,Art Cards,Originals,,n,nutcracker WEB.jpg,watercolor on 140lb watercolor paper,1,,$13.50,$3.00,US,,,eBay,https://www.ebay.com/itm/143450806277?ssPageName=STRK:MESELX:IT&_trksid=p3984.m1555.l2648,,Nov.-2017,3,,,,,,,
145,1450,Migratory Habits Of Penguins,,Art Cards,Originals,,,Penguin Vacation WEB.jpg,watercolor on 140lb watercolor paper,0,1,$15.00,$3.00,,,eBay,,https://www.ebay.ca/itm/ACEO-TW-DEC-Original-watercolor-Penguin-Vacation-2-5X3-5-cartoon/142609829517?hash=item2134354e8d:g:OZcAAOSwNWxaIZ6I,,Nov.-2017,3,,8-Dec.-2017,,,,,
144,1440,Monkey Business,,Art Cards,Originals,,,monkey business WEB.jpg,watercolor on 140lb watercolor paper,1,,,,,,,Etsy,https://www.etsy.com/ca/listing/577905613/aceo-atc-original-monkey-business?ref=shop_home_active_1,,Nov.-2017,3,,,,,,,
143,1430,Penguin Jugglng,,Art Cards,Originals,,n,Penguin Juggling WEB.jpg,watercolor on 140lb watercolor paper,1,,$9.95,$3.00,US,,,eBay,https://www.ebay.com/itm/143450816022?ssPageName=STRK:MESELX:IT&_trksid=p3984.m1555.l2648,,Nov.-2017,3,,,,,,,
142,1420,Candy Canes,,Art Cards,Originals,,,Candy Canes WEB.jpg,watercolor on 140lb watercolor paper,1,,$16.00,$3.50,,,eBay,,https://www.ebay.ca/itm/143016191512,,Nov.-2017,2,,30-Nov.-2018,,,,,
141,1410,Santas List,,Art Cards,Originals,,,Santas List WEB.jpg,watercolor on 140lb watercolor paper,0,1,$21.50,$0.00,US,,eBay,,https://www.ebay.ca/itm/142589559715?ssPageName=STRK:MESELX:IT&_trksid=p3984.m1555.l2649,,Nov.-2017,2,,30-Nov.-2017,,,,,
140,1400,Goat Whisperer,,Art Cards,Originals,,,Goat Whisperer WEB.jpg,watercolor on 140lb watercolor paper,1,,,,,,,Etsy,https://www.etsy.com/ca/listing/573950419/aceo-atc-original-goat-whisperer-ink-and?ref=shop_home_active_1,,Nov.-2017,2,,,,,,,
139,1390,Oriental Lady Waiting,,Art Cards,Originals,,,oriental costume WEB.jpg,watercolor on 140lb watercolor paper,1,,,,,,,Etsy,https://www.etsy.com/ca/listing/560145798/aceo-atc-original-oriental-lady-waiting?ref=shop_home_active_2,,Nov.-2017,2,,,,,,,
138,1380,Red Rose,,Art Cards,Originals,,n,red rose WEB.jpg,watercolor on 140lb watercolor paper,1,,,,,,,eBay,https://www.ebay.ca/itm/142583148200?ssPageName=STRK:MESELX:IT&_trksid=p3984.m1555.l2649,,Nov.-2017,2,,,,,,,
137,1370,Beach Baby,,Art Cards,Prints,,n,beach baby 2 WEB.jpg,watercolor on 140lb watercolor paper,0,0,,,,,,,,,,,0.60,,,,,,
136,1360,Rude Jack O Lantern,,Art Cards,Originals,,n,Rude Jack O Lantern WEB.jpg,watercolor on 140lb watercolor paper,1,,$13.50,$3.00,US,,,eBay,https://www.ebay.com/itm/143404398745?ssPageName=STRK:MESELX:IT&_trksid=p3984.m1555.l2649,N8X6BVLSMGYFN,Oct.-2017,2,,,,,,,
135,1350,Cone Flowers,,Art Cards,Originals,,,Cone Flowers WEB.jpg,watercolor on 140lb watercolor paper,0,1,$20.00,$3.00,,,eBay,,http://www.ebay.ca/itm/142557191484?ssPageName=STRK:MESELX:IT&_trksid=p3984.m1555.l2649,,Oct.-2017,1.5,,2-Nov.-2017,,,,,
134,1340,The Unraveling,,Art Cards,Originals,,n,The Unraveling WEB.jpg,watercolor on 140lb watercolor paper,1,,$13.50,$3.00,US,,,eBay,https://www.ebay.com/itm/143404393233?ssPageName=STRK:MESELX:IT&_trksid=p3984.m1555.l2649,YECKA7W49PCMW,Oct.-2017,2,,,,,,,
133,1330,Retirement Cottage,,Art Cards,Originals,,,Retirement Cottage WEB.jpg,watercolor on 140lb watercolor paper,1,,,,,,,Etsy,https://www.etsy.com/ca/listing/568273201/aceo-atc-original-retirement-cottage?ref=shop_home_feat_1,,Oct.-2017,2,,,,,,,
132,1320,Twilight On The Docks,,Art Cards,Originals,,,Twighlight on the Docks WEB.jpg,watercolor on 140lb watercolor paper,1,,,,,,,Etsy,https://www.etsy.com/ca/listing/573428769/aceo-atc-original-twilight-on-the-docks?ref=shop_home_active_1,,Oct.-2017,3,,,,,,,
131,1310,Grapes And Pears,,Art Cards,Originals,,,grapes and pears WEB.jpg,watercolor on 140lb watercolor paper,0,1,$15.00,$3.00,,,eBay,,http://www.ebay.ca/itm/142540776172?ssPageName=STRK:MESELX:IT&_trksid=p3984.m1555.l2648,,Oct.-2017,3,,22-Oct.-2017,,,,,
129,1290,Taking The Plunge,,Art Cards,Prints,,n,Taking The Plunge - Web.jpg,pastel on 5X7 inch paper,8,0,,,,,,,,,,3,,,,,,,
128,1280,Vintage Motorcycle Rider,,Art Cards,Originals,,,Vintage Motorcycle Rider WEB.jpg,watercolor on 140lb watercolor paper,0,1,$15.00,$3.00,,,eBay,,,,Oct.-2017,2,,29-Oct.-2017,,,,,
127,1270,Heres Looking At You,,Art Cards,Originals,,,Heres Looking At You WEB.jpg,watercolor on 140lb watercolor paper,0,1,$20.00,$3.00,,,eBay,,http://www.ebay.ca/itm/142529354337?ssPageName=STRK:MESELX:IT&_trksid=p3984.m1555.l2649,,Oct.-2017,2,,13-Oct.-2017,,,,,
126,1260,Love Dragon,,Art Cards,Originals,,,Love Dragon WEB.jpg,watercolor on 140lb watercolor paper,0,1,$15.00,$2.00,,,eBay,,,,Sep.-2017,2,,8-Oct.-2017,,,,,
125,1250,Hauling In The Net,,Art Cards,Originals,,,Hauling In The Net WEB.jpg,watercolor on 140lb watercolor paper,1,,,,,,,Etsy,https://www.etsy.com/ca/listing/559625722/aceo-atc-original-hauling-in-the-net?ref=shop_home_active_2,,Sep.-2017,2,,,,,,,
124,1240,Grazing Zebra,,Art Cards,Originals,,,grazing zebra WEB.jpg,watercolor on 140lb watercolor paper,0,1,$15.00,$0.75,,,ebay,,https://www.ebay.ca/itm/142890965631?ssPageName=STRK:MESELX:IT&_trksid=p3984.m1558.l2649,,Sep.-2017,2,,8-Aug.-2018,,,,,
123,1230,Gator On The Loose,,Art Cards,Originals,,,gatoronthe loose WEB.jpg,watercolor on 140lb watercolor paper,0,1,$20.00,$3.00,,,eBay,,,,Aug.-2017,2,,16-Oct.-2017,,,,,
122,1220,Surfer Dude,,Art Cards,Originals,,,Surfin dude WEB.jpg,watercolor on 140lb watercolor paper,1,,$15.00,$3.00,,,,Paypal,,28CTXFCUCQQMA,Aug.-2017,2,,,,,,,
121,1210,Mission Carmel,,Art Cards,Originals,,n,Mission Carmel WEB.jpg,watercolor on 140lb watercolor paper,1,,,,,,,,,,Aug.-2017,2,,,,,,,
120,1200,Recursive Art,,Art Cards,Originals,,,Recursive Art WEB.jpg,watercolor on 300lb watercolor paper,1,,$15.00,$3.00,,,,Paypal,,FQSQ5GU6PYY9Q,Aug.-2017,2,,,,,,,
119,1190,Bowl Of Cherries,,Art Cards,Originals,,,bowl of cherries WEB.jpg,Acrylic on 300lb watercolor paper,1,,$15.00,$3.00,,,,Paypal,,PMLCUVRHC39KA,Aug.-2017,2,,,,,,,
118,1180,Time For Dessert,,Art Cards,Originals,,,Time for dessert WEB.jpg,watercolor on 140lb watercolor paper,0,1,$20.00,$3.00,,,eBay,,,,Aug.-2017,2,,10-Oct.-2017,,,,,
117,1170,Beached,,Art Cards,Originals,,,Beached WEB.jpg,watercolor on 140lb watercolor paper,1,,$15.00,$3.00,,,,Paypal,,Z3GGPTBUFMGUE,Aug.-2017,2,,,,,,,
116,1160,Tiger Lily,,Art Cards,Originals,,,tiger lily - WEB.jpg,watercolor on 140lb watercolor paper,0,1,$20.00,$2.00,,,eBay,,,,Jul.-2017,2,,28-Sep.-2017,,,,,
115,1150,Blue Heron,,Art Cards,Originals,,n,blue heron - WEB.jpg,watercolor on 140lb watercolor paper,1,,,,,,,,,,Jul.-2017,2,,,,,,,
114,1140,Looney Tunes in C Flat,,Art Cards,Originals,,n,looney tunes in c flat WEB.jpg,Acrylic on 140lb watercolor paper,1,,,,,,,,,,Dec.-2016,2,,,,,,,
113,1130,Snowshoe Trail,,Art Cards,Originals,,,Snowshoe Trail - WEB.jpg,watercolor on 300lb watercolor paper,1,,,,,,,,,,Jun.-2017,2,,,,,,,
112,1120,Mr Bojangles,,Art Cards,Originals,,n,Mr Bojangles WEB.jpg,Multimedia,1,,,,,,,,,,Jun.-2017,2,,,,,,,
111,1110,Ste Eulalie,,Art Cards,Originals,,,ste eulalieWEB.jpg,watercolor on 140lb watercolor paper,1,,$12.50,$3.00,US,,,Paypal,https://www.ebay.com/itm/143136870313?ssPageName=STRK:MESELX:IT&_trksid=p3984.m1555.l2648,R7C6KARSDHC84,May-2017,2,,,,,,,
110,1100,Sad Puppy,,Art Cards,Originals,,,sad puppy - WEB.jpg,watercolor on 300lb watercolor paper,0,1,$20.00,$2.00,,,eBay,,,,May-2017,2,,19-Sep.-2017,,,,,
109,1090,Teapot Set,,Art Cards,Originals,,n,teapots 2 WEB.jpg,Multimedia,1,,,,,,,,,,Apr.-2017,2,,,,,,,
108,1080,Old Tractor,,Art Cards,Originals,,n,Old Tractor - WEB.jpg,Acrylic on 140lb watercolor paper,1,,,,,,,,,,Dec.-2016,2,,,,,,,
107,1070,Flower Wagon,,Art Cards,Originals,,n,Flower Wagon_ACEO WEB.jpg,Acrylic on 140lb watercolor paper,1,,,,,,,,,,Nov.-2016,2,,,,,,,
106,1060,Ready For Harvest,,Art Cards,Originals,,n,Ready For Harvest_ACEO WEB.jpg,Acrylic on 140lb watercolor paper,1,,,,,,,,,,Jan.-2017,2,,,,,,,
105,1050,42nd Street,,Art Cards,Originals,,n,42nd Street_ACEO WEB.jpg,Acrylic on 140lb watercolor paper,1,,,,,,,,,,Dec.-2016,2,,,,,,,
104,1040,Doggy Kisses,,Art Cards,Prints,,n,Doggie Kisses - Web.jpg,pastel on 5X7 inch paper,8,0,,,,,,,,,,3,,,,,,,
103,1030,"Autumn Fun ",,Art Cards,Prints,,n,Autumn Fun WEB.jpg,pastel on 5X7 inch paper,8,0,,,,,,,,,,3,,,,,,,
102,1020,"Hippo Heaven ",,Art Cards,Prints,,n,Hippo Heaven WEB.jpg,charcoal on 5X7 inch Sketch paper,8,0,,,,,,,,,,3,,,,,,,
101,1010,Best Friends,,Art Cards,Prints,,n,Best Friends WEB.jpg,pastel on 5X7 inch paper,8,0,,,,,,,,,,3,,,,,,,